TIMESTAMP,Counter,DepthCm,ThisUTCtime,timestamp_utc,lat_magna,lon_magna,lat_emlid,lon_emlid
2023-11-15 17:17:34.51,100004,0.075,171647,2023-11-15 17:16:47,46.089643333333335,-79.334575,46.089635702,-79.334565474
2023-11-15 17:17:36.25,100005,119.1,171648,2023-11-15 17:16:48,46.089645,-79.33458333333333,46.089634418,-79.334572613
2023-11-15 17:17:37.76,100006,0.075,171650,2023-11-15 17:16:50,46.089645,-79.334585,46.089635098,-79.334573052
2023-11-15 17:17:39.42,100007,119.1,171651,2023-11-15 17:16:51,46.089645,-79.334585,46.089634879,-79.334573318
2023-11-15 17:17:46.98,100008,2.725,171659,2023-11-15 17:16:59,46.089641666666665,-79.33458833333333,46.089632954,-79.334575709
2023-11-15 17:17:50.02,100009,8.91,171702,2023-11-15 17:17:02,46.08963,-79.33458666666667,46.089619989,-79.334577695
2023-11-15 17:17:52.12,100010,2.063,171704,2023-11-15 17:17:04,46.08962,-79.33458166666667,46.089609933,-79.334575687
2023-11-15 17:17:57.1,100011,1.014,171709,2023-11-15 17:17:09,46.089591666666664,-79.33459833333333,46.089583464,-79.334591473
2023-11-15 17:17:59.24,100012,0.793,171711,2023-11-15 17:17:11,46.08958666666667,-79.3346,46.089578029,-79.334593531
2023-11-15 17:18:01.28,100013,1.621,171713,2023-11-15 17:17:13,46.08957,-79.33460666666667,46.089562012,-79.334599588
2023-11-15 17:18:03.18,100014,2.063,171715,2023-11-15 17:17:15,46.08955,-79.33461,46.089544074,-79.334608848
2023-11-15 17:18:09.71,100015,3.443,171722,2023-11-15 17:17:22,46.089513333333336,-79.33460833333334,46.089507133,-79.33460396
2023-11-15 17:18:12,100016,2.339,171724,2023-11-15 17:17:24,46.08950333333333,-79.33460666666667,46.089497613,-79.334601306
2023-11-15 17:18:14.15,100017,2.946,171726,2023-11-15 17:17:26,46.08949,-79.33460333333333,46.089481857,-79.334599296
2023-11-15 17:18:16.2,100018,2.946,171728,2023-11-15 17:17:28,46.08947166666667,-79.33460166666667,46.089464662,-79.334594088
2023-11-15 17:18:18.09,100019,4.437,171730,2023-11-15 17:17:30,46.089455,-79.33460166666667,46.089448253,-79.334592854
2023-11-15 17:18:20.41,100020,3.498,171732,2023-11-15 17:17:32,46.089438333333334,-79.33459833333333,46.089432309,-79.334590828
2023-11-15 17:18:22.55,100021,3.829,171735,2023-11-15 17:17:35,46.089416666666665,-79.33459166666667,46.089411072,-79.334584999
2023-11-15 17:18:24.48,100022,7.694,171737,2023-11-15 17:17:37,46.089405,-79.33457833333334,46.08939875,-79.334569874
2023-11-15 17:18:28.12,100023,13.27,171740,2023-11-15 17:17:40,46.089391666666664,-79.33457,46.089384625,-79.334563154
2023-11-15 17:18:34.79,100024,14.32,171747,2023-11-15 17:17:47,46.089378333333336,-79.33457666666666,46.089376385,-79.33456848
2023-11-15 17:18:38.45,100025,22.49,171750,2023-11-15 17:17:50,46.08937,-79.33456833333334,46.089367584,-79.334559735
2023-11-15 17:18:41.74,100026,22.16,171754,2023-11-15 17:17:54,46.08936666666666,-79.33455666666667,46.089361436,-79.334551734
2023-11-15 17:18:44.71,100027,15.09,171757,2023-11-15 17:17:57,46.08935666666667,-79.33455666666667,46.089352272,-79.334550581
2023-11-15 17:18:49.03,100028,15.98,171801,2023-11-15 17:18:01,46.08934333333333,-79.33456166666667,46.089339394,-79.334554274
2023-11-15 17:18:52.13,100029,9.63,171804,2023-11-15 17:18:04,46.089335,-79.334555,46.089330891,-79.334551177
2023-11-15 17:18:55.26,100030,17.85,171807,2023-11-15 17:18:07,46.089328333333334,-79.33455166666667,46.089323663,-79.334551893
2023-11-15 17:18:58.42,100031,5.375,171810,2023-11-15 17:18:10,46.08932166666666,-79.33455,46.089316589,-79.334548226
2023-11-15 17:19:03.27,100032,3.774,171815,2023-11-15 17:18:15,46.08931,-79.33455333333333,46.089302058,-79.334551898
2023-11-15 17:19:07,100033,19.95,171819,2023-11-15 17:18:19,46.08930333333333,-79.33456,46.089296439,-79.334553283
2023-11-15 17:19:10.55,100034,12.88,171823,2023-11-15 17:18:23,46.089286666666666,-79.33457666666666,46.08928253,-79.334570573
2023-11-15 17:19:13.32,100035,17.58,171825,2023-11-15 17:18:25,46.08928,-79.33457833333334,46.089276342,-79.334571305
2023-11-15 17:19:17.13,100036,17.47,171829,2023-11-15 17:18:29,46.08927166666667,-79.33457666666666,46.089266688,-79.334567925
2023-11-15 17:19:20.77,100037,16.42,171833,2023-11-15 17:18:33,46.089261666666665,-79.33457,46.089255918,-79.334561593
2023-11-15 17:19:23.56,100038,11.78,171836,2023-11-15 17:18:36,46.089255,-79.33456333333334,46.089249423,-79.334553998
2023-11-15 17:19:26.7,100039,5.817,171839,2023-11-15 17:18:39,46.089245,-79.33455833333333,46.089239705,-79.334550266
2023-11-15 17:19:30.31,100040,17.3,171842,2023-11-15 17:18:42,46.08923166666667,-79.334555,46.089225648,-79.334550484
2023-11-15 17:19:33.18,100041,2.283,171845,2023-11-15 17:18:45,46.08922333333334,-79.33454666666667,46.089216773,-79.334544459
2023-11-15 17:19:35.97,100042,3.498,171848,2023-11-15 17:18:48,46.08921,-79.33453833333333,46.089202969,-79.334534524
2023-11-15 17:19:38.64,100043,2.394,171851,2023-11-15 17:18:51,46.0892,-79.33452833333334,46.089188686,-79.334529105
2023-11-15 17:19:41.61,100044,17.3,171854,2023-11-15 17:18:54,46.089191666666665,-79.33452833333334,46.089182654,-79.334526318
2023-11-15 17:19:44.43,100045,2.725,171856,2023-11-15 17:18:56,46.08918666666667,-79.334525,46.089177224,-79.334522599
2023-11-15 17:19:47.44,100046,1.676,171859,2023-11-15 17:18:59,46.08916833333333,-79.33451,46.089158463,-79.334507907
2023-11-15 17:19:50.72,100047,4.933,171903,2023-11-15 17:19:03,46.089146666666664,-79.334495,46.089135224,-79.334497736
2023-11-15 17:19:54.16,100048,10.73,171906,2023-11-15 17:19:06,46.08913,-79.334495,46.089118103,-79.334493059
2023-11-15 17:19:57.33,100049,3.553,171909,2023-11-15 17:19:09,46.08911166666667,-79.33449166666666,46.089101465,-79.334488232
2023-11-15 17:20:00.4,100050,4.602,171912,2023-11-15 17:19:12,46.08909166666667,-79.334485,46.089081009,-79.334485364
2023-11-15 17:20:03.59,100051,2.449,171916,2023-11-15 17:19:16,46.089063333333335,-79.334485,46.089055247,-79.334490253
2023-11-15 17:20:06.52,100052,16.03,171919,2023-11-15 17:19:19,46.08905333333333,-79.33448333333334,46.089045437,-79.334486955
2023-11-15 17:20:10.95,100053,2.283,171923,2023-11-15 17:19:23,46.089036666666665,-79.334485,46.089024984,-79.334482146
2023-11-15 17:20:22.31,100054,5.817,171934,2023-11-15 17:19:34,46.089018333333335,-79.33447333333334,46.089010802,-79.334466694
2023-11-15 17:20:24.96,100055,23.1,171937,2023-11-15 17:19:37,46.089013333333334,-79.33446333333333,46.089002386,-79.334457769
2023-11-15 17:20:28.62,100056,23.26,171941,2023-11-15 17:19:41,46.089005,-79.33444,46.088994295,-79.334434814
2023-11-15 17:20:32.65,100057,21.5,171945,2023-11-15 17:19:45,46.088995,-79.33443,46.088987412,-79.334423971
2023-11-15 17:20:36.24,100058,2.007,171948,2023-11-15 17:19:48,46.08898666666666,-79.33442,46.088979964,-79.334412848
2023-11-15 17:21:55.66,100059,20.94,172108,2023-11-15 17:21:08,46.088966666666664,-79.334395,46.088961183,-79.334392786
2023-11-15 17:21:59.86,100060,3.388,172112,2023-11-15 17:21:12,46.08896,-79.33437166666667,46.088950352,-79.334372785
2023-11-15 17:22:05.41,100061,24.26,172117,2023-11-15 17:21:17,46.08895,-79.33435,46.088942203,-79.334351127
2023-11-15 17:22:09.5,100062,12.17,172122,2023-11-15 17:21:22,46.088945,-79.33432833333333,46.088936977,-79.334329596
2023-11-15 17:22:12.76,100063,12.11,172125,2023-11-15 17:21:25,46.08893666666667,-79.334325,46.088929184,-79.334324656
2023-11-15 17:22:15.95,100064,14.87,172128,2023-11-15 17:21:28,46.088925,-79.33431833333333,46.088919797,-79.334315293
2023-11-15 17:22:20.05,100065,25.91,172132,2023-11-15 17:21:32,46.08891333333333,-79.33430333333334,46.08890872,-79.334306114
2023-11-15 17:22:23.71,100066,1.842,172136,2023-11-15 17:21:36,46.088908333333336,-79.33429666666666,46.088899326,-79.334293931
2023-11-15 17:22:26.74,100067,4.492,172139,2023-11-15 17:21:39,46.0889,-79.33428333333333,46.088888458,-79.334276144
2023-11-15 17:22:29.71,100068,22.33,172142,2023-11-15 17:21:42,46.08889,-79.33427166666667,46.088876249,-79.3342612
2023-11-15 17:22:33.38,100069,29.78,172145,2023-11-15 17:21:45,46.088881666666666,-79.334255,46.088866938,-79.334244574
2023-11-15 17:22:37.39,100070,4.713,172149,2023-11-15 17:21:49,46.08886666666667,-79.334235,46.088852019,-79.334221302
2023-11-15 17:22:40.24,100071,3.388,172152,2023-11-15 17:21:52,46.088855,-79.33423,46.088840693,-79.334219179
2023-11-15 17:22:43.82,100072,2.835,172156,2023-11-15 17:21:56,46.08883333333333,-79.334255,46.088820094,-79.334242746
2023-11-15 17:22:47.06,100073,3.498,172159,2023-11-15 17:21:59,46.088818333333336,-79.33427166666667,46.088805283,-79.33426451
2023-11-15 17:22:50.28,100074,3.498,172202,2023-11-15 17:22:02,46.08880166666667,-79.33429,46.088790747,-79.334282973
2023-11-15 17:22:54.39,100075,4.381,172206,2023-11-15 17:22:06,46.088786666666664,-79.334325,46.088773377,-79.334316579
2023-11-15 17:22:57.85,100076,3.277,172210,2023-11-15 17:22:10,46.088775,-79.33435833333333,46.088765114,-79.334358546
2023-11-15 17:23:01.76,100077,2.946,172214,2023-11-15 17:22:14,46.08876,-79.334385,46.088750138,-79.334386661
2023-11-15 17:23:05.07,100078,2.063,172217,2023-11-15 17:22:17,46.088746666666665,-79.33440333333333,46.088738223,-79.334406461
2023-11-15 17:23:08.5,100079,0.075,172221,2023-11-15 17:22:21,46.088728333333336,-79.33442833333334,46.08872293,-79.334431898
2023-11-15 17:23:11.82,100080,2.063,172224,2023-11-15 17:22:24,46.088715,-79.33445333333333,46.088712377,-79.334455269
2023-11-15 17:23:15.13,100081,1.842,172227,2023-11-15 17:22:27,46.088705,-79.334475,46.088700236,-79.334474178
2023-11-15 17:23:18.95,100082,1.952,172231,2023-11-15 17:22:31,46.088696666666664,-79.33450666666667,46.088690462,-79.334498925
2023-11-15 17:23:39.63,100083,86,172252,2023-11-15 17:22:52,46.088695,-79.33452333333334,46.088685803,-79.33451761
2023-11-15 17:24:16.7,100084,2.394,172329,2023-11-15 17:23:29,46.08869166666667,-79.33452,46.088687061,-79.33452236
2023-11-15 17:24:21.91,100085,1.731,172334,2023-11-15 17:23:34,46.08869833333333,-79.33453333333334,46.088694518,-79.334537597
2023-11-15 17:24:25.57,100086,3.608,172338,2023-11-15 17:23:38,46.0887,-79.33455833333333,46.088695698,-79.334560754
2023-11-15 17:24:29.32,100087,2.725,172341,2023-11-15 17:23:41,46.08869833333333,-79.33457833333334,46.08869236,-79.334584871
2023-11-15 17:24:33.89,100088,2.835,172346,2023-11-15 17:23:46,46.08871,-79.33459833333333,46.088705597,-79.334603328
2023-11-15 17:24:37.2,100089,9.46,172349,2023-11-15 17:23:49,46.08872,-79.33459666666667,46.088714424,-79.334597668
2023-11-15 17:24:40.73,100090,1.621,172353,2023-11-15 17:23:53,46.08873666666667,-79.33459833333333,46.088729915,-79.334593852
2023-11-15 17:24:44.1,100091,2.67,172356,2023-11-15 17:23:56,46.088741666666664,-79.33458666666667,46.088736736,-79.334582553
2023-11-15 17:24:50.38,100092,21.5,172402,2023-11-15 17:24:02,46.088745,-79.33457333333334,46.088739245,-79.334566275
2023-11-15 17:24:59.65,100093,74.61,172412,2023-11-15 17:24:12,46.08874333333333,-79.33456,46.088733139,-79.334555431
2023-11-15 17:25:04.95,100094,2.78,172417,2023-11-15 17:24:17,46.088735,-79.33455166666667,46.088724171,-79.33454775
2023-11-15 17:25:17.94,100095,54.84,172430,2023-11-15 17:24:30,46.088728333333336,-79.33455666666667,46.088713787,-79.334540345
2023-11-15 17:25:22.65,100096,2.725,172435,2023-11-15 17:24:35,46.08871166666667,-79.33454,46.08870096,-79.334526473
2023-11-15 17:25:27.08,100097,3.001,172439,2023-11-15 17:24:39,46.08870666666667,-79.334505,46.088692256,-79.334489414
2023-11-15 17:25:30.8,100098,2.228,172443,2023-11-15 17:24:43,46.088685,-79.334485,46.088672019,-79.334469259
2023-11-15 17:25:34.45,100099,2.063,172446,2023-11-15 17:24:46,46.08866833333333,-79.334485,46.088652177,-79.334469134
2023-11-15 17:25:38.14,100100,1.842,172450,2023-11-15 17:24:50,46.08864166666667,-79.33449333333333,46.088627488,-79.334482098
2023-11-15 17:25:42.61,100101,2.173,172455,2023-11-15 17:24:55,46.088613333333335,-79.334495,46.088601017,-79.334484113
2023-11-15 17:25:46.02,100102,4.492,172458,2023-11-15 17:24:58,46.088593333333336,-79.334485,46.088580653,-79.334473975
2023-11-15 17:25:49.64,100103,2.283,172502,2023-11-15 17:25:02,46.088566666666665,-79.33446333333333,46.088554532,-79.334456886
2023-11-15 17:25:54.58,100104,8.25,172507,2023-11-15 17:25:07,46.088543333333334,-79.33444166666666,46.088534422,-79.334438566
2023-11-15 17:25:58.22,100105,10.73,172510,2023-11-15 17:25:10,46.088543333333334,-79.33442833333334,46.088534203,-79.334422417
2023-11-15 17:26:01.8,100106,3.995,172514,2023-11-15 17:25:14,46.08852666666667,-79.33440833333333,46.088517254,-79.334402292
2023-11-15 17:26:05.51,100107,3.774,172518,2023-11-15 17:25:18,46.088501666666666,-79.33441333333333,46.088492179,-79.334403438
2023-11-15 17:26:08.9,100108,1.29,172521,2023-11-15 17:25:21,46.08848166666667,-79.33440666666667,46.088472472,-79.334398133
2023-11-15 17:26:13.18,100109,13.66,172525,2023-11-15 17:25:25,46.08846333333334,-79.33440166666666,46.088455549,-79.334393524
2023-11-15 17:26:20.58,100110,94.5,172533,2023-11-15 17:25:33,46.08845,-79.33439166666666,46.088441976,-79.334387938
2023-11-15 17:26:25.37,100111,2.394,172537,2023-11-15 17:25:37,46.088435,-79.33438166666667,46.088427371,-79.334380741
2023-11-15 17:26:29.86,100112,2.946,172542,2023-11-15 17:25:42,46.088411666666666,-79.33436833333333,46.088404302,-79.334368419
2023-11-15 17:26:34.51,100113,3.995,172547,2023-11-15 17:25:47,46.088388333333334,-79.33435666666666,46.088378058,-79.334360665
2023-11-15 17:26:38.89,100114,2.891,172551,2023-11-15 17:25:51,46.08837166666667,-79.33434333333334,46.088360339,-79.334343508
2023-11-15 17:26:42.64,100115,3.222,172555,2023-11-15 17:25:55,46.08835666666667,-79.33432333333333,46.088344121,-79.334320124
2023-11-15 17:26:46.45,100116,7.584,172558,2023-11-15 17:25:58,46.088343333333334,-79.33431,46.088330755,-79.334303999
2023-11-15 17:26:50.8,100117,7.032,172603,2023-11-15 17:26:03,46.088323333333335,-79.33429166666667,46.088313859,-79.33428219
2023-11-15 17:26:54.47,100118,1.952,172607,2023-11-15 17:26:07,46.08831,-79.334275,46.088300719,-79.33426756
2023-11-15 17:26:58.1,100119,21.94,172610,2023-11-15 17:26:10,46.088298333333334,-79.33426333333334,46.08829148,-79.334253666
2023-11-15 17:27:03.52,100120,19.29,172616,2023-11-15 17:26:16,46.08829333333333,-79.33425833333334,46.088285819,-79.33425016
2023-11-15 17:27:08.3,100121,23.65,172620,2023-11-15 17:26:20,46.08828333333334,-79.33424833333333,46.088274302,-79.334240299
2023-11-15 17:27:13.6,100122,32.32,172626,2023-11-15 17:26:26,46.08827333333333,-79.33423166666667,46.088263441,-79.334225382
2023-11-15 17:27:18.69,100123,23.26,172631,2023-11-15 17:26:31,46.088258333333336,-79.33420833333334,46.088249106,-79.334206276
2023-11-15 17:27:24.09,100124,6.921,172636,2023-11-15 17:26:36,46.08826166666667,-79.33419333333333,46.088253545,-79.334184009
2023-11-15 17:27:29.5,100125,20.94,172642,2023-11-15 17:26:42,46.088245,-79.33418333333333,46.088233968,-79.334170851
2023-11-15 17:27:35.73,100126,6.424,172648,2023-11-15 17:26:48,46.088225,-79.33416,46.088212587,-79.334150469
2023-11-15 17:27:41.35,100127,19.67,172653,2023-11-15 17:26:53,46.08822333333333,-79.334175,46.088208935,-79.334177605
2023-11-15 17:27:46.72,100128,8.69,172659,2023-11-15 17:26:59,46.088205,-79.334205,46.088193311,-79.33420003
2023-11-15 17:27:51.67,100129,34.36,172704,2023-11-15 17:27:04,46.088185,-79.334215,46.08817901,-79.334211072
2023-11-15 17:27:56.93,100130,20.61,172709,2023-11-15 17:27:09,46.088163333333334,-79.33423333333333,46.08815938,-79.33422876
2023-11-15 17:28:02.21,100131,4.989,172714,2023-11-15 17:27:14,46.08813833333333,-79.33424833333333,46.088134407,-79.334248096
2023-11-15 17:28:07.5,100132,2.504,172720,2023-11-15 17:27:20,46.088125,-79.33427,46.088120944,-79.334275445
2023-11-15 17:28:35.56,100133,2.173,172748,2023-11-15 17:27:48,46.08822166666667,-79.33438833333334,46.088213094,-79.334388002
2023-11-15 17:28:46.12,100134,23.04,172758,2023-11-15 17:27:58,46.08821666666667,-79.33448166666666,46.088215868,-79.334477182
2023-11-15 17:28:53.22,100135,16.91,172805,2023-11-15 17:28:05,46.08821,-79.33454333333333,46.0882056,-79.33454296
2023-11-15 17:29:00.73,100136,2.891,172813,2023-11-15 17:28:13,46.08819,-79.33462333333334,46.08818333,-79.334623419
2023-11-15 17:29:06.18,100137,2.283,172818,2023-11-15 17:28:18,46.088186666666665,-79.33468333333333,46.088180901,-79.334685733
2023-11-15 17:29:12.39,100138,3.001,172824,2023-11-15 17:28:24,46.088181666666664,-79.33475666666666,46.088175423,-79.334759118
2023-11-15 17:29:17.76,100139,2.118,172830,2023-11-15 17:28:30,46.088168333333336,-79.33481666666667,46.088163722,-79.334817797
2023-11-15 17:29:23.38,100140,2.173,172835,2023-11-15 17:28:35,46.088161666666664,-79.33487666666667,46.088157627,-79.334876222
2023-11-15 17:29:27.98,100141,11.67,172840,2023-11-15 17:28:40,46.08815666666667,-79.33491166666667,46.088154122,-79.334912794
2023-11-15 17:29:33.04,100142,2.394,172845,2023-11-15 17:28:45,46.08815,-79.334955,46.088147496,-79.334957835
2023-11-15 17:29:37.33,100143,1.621,172849,2023-11-15 17:28:49,46.088148333333336,-79.33499166666667,46.088145046,-79.334993076
2023-11-15 17:29:43.02,100144,17.3,172855,2023-11-15 17:28:55,46.08816,-79.335035,46.088153951,-79.33503996
2023-11-15 17:29:47.55,100145,1.179,172900,2023-11-15 17:29:00,46.08815166666667,-79.33506166666666,46.088146856,-79.335065509
2023-11-15 17:29:52.88,100146,14.43,172905,2023-11-15 17:29:05,46.088141666666665,-79.33510333333334,46.088139564,-79.335106657
2023-11-15 17:29:57.62,100147,14.26,172910,2023-11-15 17:29:10,46.08813833333333,-79.33514166666667,46.088137531,-79.335145904
2023-11-15 17:30:13.84,100148,25.91,172926,2023-11-15 17:29:26,46.088136666666664,-79.335185,46.088134843,-79.33518856
2023-11-15 17:30:17.86,100149,5.651,172930,2023-11-15 17:29:30,46.088135,-79.335215,46.088132661,-79.33522087
2023-11-15 17:30:21.78,100150,12.88,172934,2023-11-15 17:29:34,46.08813166666667,-79.33524833333334,46.088129183,-79.33525348
2023-11-15 17:30:27.69,100151,18.18,172940,2023-11-15 17:29:40,46.088135,-79.33528833333334,46.088130397,-79.335292481
2023-11-15 17:30:31.97,100152,14.32,172944,2023-11-15 17:29:44,46.088136666666664,-79.33531333333333,46.08813249,-79.335319751
2023-11-15 17:30:35.67,100153,11.12,172948,2023-11-15 17:29:48,46.08813166666667,-79.33534333333333,46.088127989,-79.33534932
2023-11-15 17:30:39.32,100154,1.345,172951,2023-11-15 17:29:51,46.08812833333333,-79.33536833333334,46.088124908,-79.335376726
2023-11-15 17:30:43.61,100155,3.056,172956,2023-11-15 17:29:56,46.088118333333334,-79.33541333333334,46.08811296,-79.335419875
2023-11-15 17:30:49.02,100156,1.51,173001,2023-11-15 17:30:01,46.088103333333336,-79.33547,46.088096444,-79.335477901
2023-11-15 17:30:54.31,100157,1.124,173006,2023-11-15 17:30:06,46.088098333333335,-79.335525,46.08808819,-79.335524961
2023-11-15 17:31:00.35,100158,5.596,173012,2023-11-15 17:30:12,46.088091666666664,-79.33557,46.088083911,-79.33557316
2023-11-15 17:31:04.16,100159,11.23,173016,2023-11-15 17:30:16,46.0881,-79.33559,46.088088516,-79.33559089
2023-11-15 17:31:08.68,100160,2.835,173021,2023-11-15 17:30:21,46.08810166666667,-79.335625,46.088089566,-79.335618401
2023-11-15 17:31:13.04,100161,4.161,173025,2023-11-15 17:30:25,46.0881,-79.33565166666666,46.088090068,-79.335648313
2023-11-15 17:31:16.8,100162,12.66,173029,2023-11-15 17:30:29,46.08809333333333,-79.33567833333333,46.08808572,-79.335674138
2023-11-15 17:31:20.47,100163,4.492,173033,2023-11-15 17:30:33,46.08809333333333,-79.33570833333333,46.088084217,-79.335705506
2023-11-15 17:31:24.65,100164,10.9,173037,2023-11-15 17:30:37,46.088085,-79.33573166666666,46.088078323,-79.335734371
2023-11-15 17:31:29,100165,3.664,173041,2023-11-15 17:30:41,46.08808,-79.33576666666667,46.088069472,-79.335768951
2023-11-15 17:31:34.26,100166,16.97,173046,2023-11-15 17:30:46,46.088076666666666,-79.335805,46.088065727,-79.33580284
2023-11-15 17:31:39.09,100167,2.835,173051,2023-11-15 17:30:51,46.08806333333333,-79.33583333333333,46.088049812,-79.335832037
2023-11-15 17:31:43.72,100168,6.479,173056,2023-11-15 17:30:56,46.08804833333333,-79.33586333333334,46.088036691,-79.335861749
2023-11-15 17:31:50.3,100169,12.94,173102,2023-11-15 17:31:02,46.08804333333333,-79.33589166666667,46.088031949,-79.335895211
2023-11-15 17:31:56.44,100170,30.55,173108,2023-11-15 17:31:08,46.08803666666667,-79.33591666666666,46.088026638,-79.335922655
2023-11-15 17:32:05.57,100171,2.063,173118,2023-11-15 17:31:18,46.088026666666664,-79.335955,46.088026668,-79.33596251
2023-11-15 17:32:17.51,100172,9.52,173130,2023-11-15 17:31:30,46.08802,-79.335995,46.088016322,-79.335991672
2023-11-15 17:32:22.05,100173,11.95,173134,2023-11-15 17:31:34,46.08801833333333,-79.33603166666667,46.088016848,-79.336033988
2023-11-15 17:32:26.32,100174,15.98,173138,2023-11-15 17:31:38,46.088028333333334,-79.33606333333333,46.08802595,-79.3360639
2023-11-15 17:32:29.94,100175,6.258,173142,2023-11-15 17:31:42,46.088033333333335,-79.33608166666667,46.088026932,-79.336078248
2023-11-15 17:32:33.84,100176,17.58,173146,2023-11-15 17:31:46,46.08803,-79.336085,46.088025014,-79.336085347
2023-11-15 17:32:41.74,100177,50.87,173154,2023-11-15 17:31:54,46.08803,-79.33610333333333,46.088023686,-79.336104868
2023-11-15 17:32:46.75,100178,5.265,173159,2023-11-15 17:31:59,46.08803,-79.336125,46.088021747,-79.3361266
2023-11-15 17:32:49.99,100179,6.7,173202,2023-11-15 17:32:02,46.088026666666664,-79.336145,46.088018252,-79.336144716
2023-11-15 17:32:56.09,100180,22.16,173208,2023-11-15 17:32:08,46.088025,-79.33616,46.088017677,-79.336157676
2023-11-15 17:33:10.45,100181,46.12,173222,2023-11-15 17:32:22,46.08802,-79.33618833333334,46.08801601,-79.336181133
2023-11-15 17:33:13.54,100182,13.05,173226,2023-11-15 17:32:26,46.08801833333333,-79.33619166666666,46.088012741,-79.336191508
2023-11-15 17:33:20.43,100183,58.65,173232,2023-11-15 17:32:32,46.08801833333333,-79.336215,46.088010332,-79.336211832
2023-11-15 17:33:27.9,100184,64.56,173240,2023-11-15 17:32:40,46.088015,-79.336225,46.088007294,-79.336222458
2023-11-15 17:33:37.88,100185,32.43,173250,2023-11-15 17:32:50,46.08800166666666,-79.336245,46.087998206,-79.336240431
2023-11-15 17:33:45.42,100186,30.5,173257,2023-11-15 17:32:57,46.088006666666665,-79.336265,46.088001835,-79.336264582
2023-11-15 17:33:49.26,100187,16.42,173301,2023-11-15 17:33:01,46.088005,-79.33627833333334,46.0880001,-79.336280907
2023-11-15 17:33:52.64,100188,3.332,173305,2023-11-15 17:33:05,46.08800333333333,-79.33628666666667,46.087996908,-79.336290592
2023-11-15 17:33:59.96,100189,66.49,173312,2023-11-15 17:33:12,46.08800166666666,-79.33630666666667,46.08799706,-79.336308048
2023-11-15 17:34:05.51,100190,19.12,173318,2023-11-15 17:33:18,46.087995,-79.33632333333334,46.087989927,-79.336328917
2023-11-15 17:34:29.15,100191,119.1,173341,2023-11-15 17:33:41,46.08798,-79.33633166666667,46.087972444,-79.336328314
2023-11-15 17:35:16.26,100192,15.87,173428,2023-11-15 17:34:28,46.08799,-79.33635333333334,46.087979421,-79.336347902
2023-11-15 17:35:19.58,100193,6.811,173432,2023-11-15 17:34:32,46.08799166666667,-79.33637,46.087983277,-79.336363965
2023-11-15 17:35:22.82,100194,27.57,173435,2023-11-15 17:34:35,46.087995,-79.33638166666667,46.087988722,-79.336379204
2023-11-15 17:35:27.69,100195,15.2,173440,2023-11-15 17:34:40,46.08799833333333,-79.33640333333334,46.087989879,-79.336402552
2023-11-15 17:35:37.12,100196,14.26,173449,2023-11-15 17:34:49,46.088006666666665,-79.33639833333334,46.088001469,-79.336400618
2023-11-15 17:35:43.62,100197,25.64,173456,2023-11-15 17:34:56,46.088031666666666,-79.33638333333333,46.088023577,-79.336381127
2023-11-15 17:35:50.62,100198,16.75,173503,2023-11-15 17:35:03,46.088053333333335,-79.33636666666666,46.088038622,-79.33637217
2023-11-15 17:35:55.23,100199,14.04,173507,2023-11-15 17:35:07,46.08806333333333,-79.33636833333334,46.088052768,-79.336370391
2023-11-15 17:36:01.72,100200,13.93,173514,2023-11-15 17:35:14,46.08808,-79.336355,46.088068461,-79.336354256
2023-11-15 17:36:45.23,100201,24.64,173557,2023-11-15 17:35:57,46.08809,-79.33633,46.088087867,-79.336321145
2023-11-15 17:36:48.9,100202,18.57,173601,2023-11-15 17:36:01,46.08810833333333,-79.33631333333334,46.088102454,-79.336305361
2023-11-15 17:36:53.54,100203,26.24,173606,2023-11-15 17:36:06,46.088125,-79.33628,46.088119271,-79.336280478
2023-11-15 17:36:57.79,100204,13.38,173610,2023-11-15 17:36:10,46.088143333333335,-79.33626166666667,46.088140123,-79.336261046
2023-11-15 17:37:02.07,100205,15.92,173614,2023-11-15 17:36:14,46.088163333333334,-79.33624833333333,46.088161383,-79.336246252
2023-11-15 17:37:06.53,100206,15.42,173619,2023-11-15 17:36:19,46.08819,-79.33624,46.088187613,-79.336233656
2023-11-15 17:37:10.99,100207,22.1,173623,2023-11-15 17:36:23,46.088205,-79.33622333333334,46.088203369,-79.336219622
2023-11-15 17:37:24.33,100208,119.1,173636,2023-11-15 17:36:36,46.08822333333333,-79.33621,46.088214724,-79.336207713
2023-11-15 17:37:29.69,100209,16.09,173642,2023-11-15 17:36:42,46.08823833333334,-79.33619666666667,46.088230564,-79.33619144
2023-11-15 17:37:32.58,100210,18.35,173645,2023-11-15 17:36:45,46.08824666666667,-79.33619,46.08824001,-79.336183522
2023-11-15 17:37:36.31,100211,4.934,173648,2023-11-15 17:36:48,46.08826666666667,-79.33617833333334,46.088259777,-79.336172389
2023-11-15 17:37:40.79,100212,5.817,173653,2023-11-15 17:36:53,46.088296666666665,-79.33615166666667,46.088288475,-79.336148838
2023-11-15 17:37:45.77,100213,5.044,173658,2023-11-15 17:36:58,46.08832833333334,-79.33613666666666,46.088317872,-79.336130739
2023-11-15 17:37:50.27,100214,4.161,173702,2023-11-15 17:37:02,46.088348333333336,-79.33614166666666,46.088339777,-79.336137882
2023-11-15 17:38:00.76,100215,5.596,173713,2023-11-15 17:37:13,46.08837,-79.33609666666666,46.088357209,-79.336098641
2023-11-15 17:38:06.07,100216,30.99,173718,2023-11-15 17:37:18,46.088385,-79.33608166666667,46.088373686,-79.336083378
2023-11-15 17:38:10.52,100217,30.99,173723,2023-11-15 17:37:23,46.08839666666667,-79.33607666666667,46.088384759,-79.336074526
2023-11-15 17:38:14.63,100218,6.038,173727,2023-11-15 17:37:27,46.088411666666666,-79.33606333333333,46.08840172,-79.336065549
2023-11-15 17:38:27.6,100219,64.29,173740,2023-11-15 17:37:40,46.088433333333334,-79.33603833333333,46.088426723,-79.336039004
2023-11-15 17:38:34.61,100220,48.11,173747,2023-11-15 17:37:47,46.088455,-79.33603666666667,46.088448185,-79.336029531
2023-11-15 17:38:39.98,100221,33.26,173752,2023-11-15 17:37:52,46.08847,-79.33602666666667,46.088467192,-79.336020535
2023-11-15 17:38:44.26,100222,12.99,173756,2023-11-15 17:37:56,46.08849,-79.336015,46.088488592,-79.33601072
2023-11-15 17:38:48.44,100223,18.29,173800,2023-11-15 17:38:00,46.08851333333333,-79.33599833333334,46.08850989,-79.335993177
2023-11-15 17:38:51.99,100224,30.5,173804,2023-11-15 17:38:04,46.088525,-79.33597666666667,46.088523883,-79.335971176
2023-11-15 17:38:58.03,100225,45.68,173810,2023-11-15 17:38:10,46.08853833333333,-79.33597,46.088537928,-79.335964716
2023-11-15 17:39:02.57,100226,5.32,173815,2023-11-15 17:38:15,46.08855333333333,-79.335955,46.08855426,-79.335949473
2023-11-15 17:39:07.06,100227,2.891,173819,2023-11-15 17:38:19,46.088573333333336,-79.335925,46.088573218,-79.335922134
2023-11-15 17:39:11.63,100228,4.657,173824,2023-11-15 17:38:24,46.08860166666667,-79.33590333333333,46.088597596,-79.33589834
2023-11-15 17:39:15.75,100229,12,173828,2023-11-15 17:38:28,46.08862,-79.33588166666667,46.088614835,-79.33587398
2023-11-15 17:39:19.82,100230,15.09,173832,2023-11-15 17:38:32,46.08864166666667,-79.335865,46.088637006,-79.335859031
2023-11-15 17:39:24.86,100231,19.73,173837,2023-11-15 17:38:37,46.08867,-79.33583333333333,46.088663179,-79.335830043
2023-11-15 17:39:30.24,100232,23.15,173842,2023-11-15 17:38:42,46.08869333333333,-79.335805,46.088686618,-79.335798515
2023-11-15 17:39:34.66,100233,4.768,173847,2023-11-15 17:38:47,46.08871666666667,-79.335785,46.088710176,-79.335780268
2023-11-15 17:39:42.78,100234,32.43,173855,2023-11-15 17:38:55,46.08873833333333,-79.335755,46.088732194,-79.335755483
2023-11-15 17:39:48.89,100235,39.94,173901,2023-11-15 17:39:01,46.08875166666667,-79.33572833333334,46.088744368,-79.335726139
2023-11-15 17:39:53.57,100236,1.455,173906,2023-11-15 17:39:06,46.088773333333336,-79.335705,46.088767742,-79.335702359
2023-11-15 17:39:57.23,100237,1.731,173909,2023-11-15 17:39:09,46.088786666666664,-79.33569166666666,46.088781125,-79.335688931
2023-11-15 17:40:02.23,100238,24.04,173914,2023-11-15 17:39:14,46.088811666666665,-79.33566333333333,46.088807313,-79.335662392
2023-11-15 17:40:07.1,100239,14.04,173919,2023-11-15 17:39:19,46.08884,-79.33563333333333,46.088833686,-79.335632173
2023-11-15 17:40:10.7,100240,2.725,173923,2023-11-15 17:39:23,46.088863333333336,-79.33562,46.088854759,-79.335619144
2023-11-15 17:40:15.23,100241,13.77,173927,2023-11-15 17:39:27,46.088878333333334,-79.3356,46.08887203,-79.335593328
2023-11-15 17:40:19.24,100242,2.063,173931,2023-11-15 17:39:31,46.08889333333333,-79.33557666666667,46.088884703,-79.335572432
2023-11-15 17:40:23.69,100243,5.044,173936,2023-11-15 17:39:36,46.08891833333333,-79.33555333333334,46.088909459,-79.335547207
2023-11-15 17:40:27.99,100244,5.817,173940,2023-11-15 17:39:40,46.08893833333333,-79.33552833333333,46.088931759,-79.335524714
2023-11-15 17:40:32.48,100245,5.486,173945,2023-11-15 17:39:45,46.08895833333333,-79.33550333333334,46.088949588,-79.33549604
2023-11-15 17:40:38.34,100246,30.77,173950,2023-11-15 17:39:50,46.088971666666666,-79.33547833333333,46.088960399,-79.33547466
2023-11-15 17:40:44.61,100247,34.97,173957,2023-11-15 17:39:57,46.088995,-79.335455,46.088982489,-79.335447446
2023-11-15 17:40:49.83,100248,4.271,174002,2023-11-15 17:40:02,46.089018333333335,-79.33542666666666,46.089007748,-79.335419346
2023-11-15 17:40:54.35,100249,6.921,174006,2023-11-15 17:40:06,46.089035,-79.33539833333333,46.089026472,-79.335393936
2023-11-15 17:41:00.96,100250,7.142,174013,2023-11-15 17:40:13,46.089043333333336,-79.335365,46.089030048,-79.335355932
2023-11-15 17:41:04.98,100251,13.99,174017,2023-11-15 17:40:17,46.08904833333333,-79.335335,46.089033243,-79.335325708
2023-11-15 17:41:09.68,100252,13.99,174022,2023-11-15 17:40:22,46.089061666666666,-79.335305,46.089049085,-79.335291412
2023-11-15 17:41:15.29,100253,1.51,174027,2023-11-15 17:40:27,46.08906833333333,-79.33525666666667,46.089054398,-79.335241274
2023-11-15 17:41:20.5,100254,2.835,174033,2023-11-15 17:40:33,46.08909166666667,-79.33522333333333,46.089075946,-79.335212921
2023-11-15 17:41:25.6,100255,1.731,174038,2023-11-15 17:40:38,46.089088333333336,-79.33517833333333,46.089073419,-79.335167986
2023-11-15 17:41:29.99,100256,2.394,174042,2023-11-15 17:40:42,46.08908666666667,-79.33514666666666,46.089074326,-79.335135747
2023-11-15 17:41:37.55,100257,10.73,174050,2023-11-15 17:40:50,46.089076666666664,-79.33510833333334,46.08906355,-79.335108874
2023-11-15 17:41:42,100258,2.063,174054,2023-11-15 17:40:54,46.08907333333333,-79.33509666666667,46.089059771,-79.335093892
2023-11-15 17:41:46.33,100259,7.584,174058,2023-11-15 17:40:58,46.08908666666667,-79.33508,46.089072165,-79.335074772
2023-11-15 17:41:50.22,100260,3.719,174102,2023-11-15 17:41:02,46.089103333333334,-79.33508,46.089089854,-79.33507571
2023-11-15 17:41:58.57,100261,16.64,174111,2023-11-15 17:41:11,46.089125,-79.33510333333334,46.089110416,-79.335099885
2023-11-15 17:42:02.44,100262,8.19,174114,2023-11-15 17:41:14,46.089125,-79.3351,46.089113973,-79.335096209
2023-11-15 17:42:05.82,100263,8.19,174118,2023-11-15 17:41:18,46.089126666666665,-79.33509,46.089117774,-79.335083215
2023-11-15 17:42:09.8,100264,2.67,174122,2023-11-15 17:41:22,46.089121666666664,-79.33508333333333,46.089107309,-79.335074659
2023-11-15 17:42:17.48,100265,2.394,174130,2023-11-15 17:41:30,46.08909833333333,-79.33505833333334,46.089089215,-79.33504888
2023-11-15 17:42:21.33,100266,1.621,174133,2023-11-15 17:41:33,46.089088333333336,-79.33505666666667,46.089077735,-79.335044264
2023-11-15 17:42:24.92,100267,6.976,174137,2023-11-15 17:41:37,46.089075,-79.33504833333333,46.089065997,-79.335046471
2023-11-15 17:42:28.1,100268,9.46,174140,2023-11-15 17:41:40,46.08906833333333,-79.33503333333333,46.089061207,-79.33503522
2023-11-15 17:42:31.27,100269,1.952,174143,2023-11-15 17:41:43,46.08906666666667,-79.33502166666666,46.089058352,-79.335023518
2023-11-15 17:42:34.59,100270,1.566,174147,2023-11-15 17:41:47,46.089075,-79.335,46.089067288,-79.335004208
2023-11-15 17:42:38.79,100271,9.41,174151,2023-11-15 17:41:51,46.089095,-79.334995,46.08908875,-79.334998467
2023-11-15 17:42:42.67,100272,8.69,174155,2023-11-15 17:41:55,46.089105,-79.335,46.089098461,-79.334999639
2023-11-15 17:42:46.29,100273,12.28,174158,2023-11-15 17:41:58,46.089115,-79.33500666666667,46.089106526,-79.335006387
2023-11-15 17:42:50.34,100274,3.167,174202,2023-11-15 17:42:02,46.089125,-79.335005,46.089116472,-79.33500653
2023-11-15 17:42:55,100275,23.21,174207,2023-11-15 17:42:07,46.08913833333333,-79.33498833333333,46.089128151,-79.334984273
2023-11-15 17:42:58.71,100276,21.61,174211,2023-11-15 17:42:11,46.089128333333335,-79.33497833333334,46.089116715,-79.334977145
2023-11-15 17:43:01.79,100277,2.394,174214,2023-11-15 17:42:14,46.08911833333333,-79.33497,46.089110816,-79.334968281
2023-11-15 17:43:04.6,100278,2.063,174217,2023-11-15 17:42:17,46.089105,-79.33496333333333,46.089100769,-79.334959765
2023-11-15 17:43:08.09,100279,2.394,174220,2023-11-15 17:42:20,46.08911333333333,-79.33494833333333,46.089110433,-79.334941949
2023-11-15 17:43:12.22,100280,1.234,174224,2023-11-15 17:42:24,46.08914333333333,-79.33493,46.089142558,-79.334927451
2023-11-15 17:43:16.4,100281,3.995,174228,2023-11-15 17:42:28,46.08917,-79.3349,46.08916814,-79.334898976
2023-11-15 17:43:20.25,100282,1.51,174232,2023-11-15 17:42:32,46.089196666666666,-79.33488833333334,46.089193506,-79.334886765
2023-11-15 17:43:23.18,100283,14.71,174235,2023-11-15 17:42:35,46.08920833333333,-79.33488333333334,46.089205534,-79.334879002
2023-11-15 17:43:25.89,100284,10.18,174238,2023-11-15 17:42:38,46.089218333333335,-79.33487666666667,46.089212918,-79.33487101
2023-11-15 17:43:29.67,100285,3.719,174242,2023-11-15 17:42:42,46.089235,-79.33485666666667,46.089231777,-79.334851415
2023-11-15 17:43:33.53,100286,2.559,174246,2023-11-15 17:42:46,46.08925833333333,-79.33483833333334,46.089255734,-79.334833761
2023-11-15 17:43:37.64,100287,3.001,174250,2023-11-15 17:42:50,46.089285,-79.33482333333333,46.089283034,-79.334821371
2023-11-15 17:43:42.02,100288,3.498,174254,2023-11-15 17:42:54,46.089308333333335,-79.33479833333334,46.089307061,-79.334794083
2023-11-15 17:43:45.99,100289,7.749,174258,2023-11-15 17:42:58,46.089326666666665,-79.33478166666667,46.089325177,-79.334771957
2023-11-15 17:43:49.79,100290,3.553,174302,2023-11-15 17:43:02,46.089345,-79.334765,46.089343495,-79.334754084
2023-11-15 17:43:53.99,100291,2.946,174306,2023-11-15 17:43:06,46.08937,-79.33474,46.089367672,-79.334732588
2023-11-15 17:43:57.72,100292,2.173,174310,2023-11-15 17:43:10,46.08939,-79.33472333333333,46.089388358,-79.334714917
2023-11-15 17:44:01.78,100293,3.719,174314,2023-11-15 17:43:14,46.089416666666665,-79.33471,46.089412752,-79.334703687
2023-11-15 17:44:05.79,100294,4.878,174318,2023-11-15 17:43:18,46.089445,-79.3347,46.089438968,-79.334698046
2023-11-15 17:44:09.62,100295,4.823,174322,2023-11-15 17:43:22,46.08947,-79.33469166666667,46.089463103,-79.334695276
2023-11-15 17:44:13.84,100296,4.381,174326,2023-11-15 17:43:26,46.089495,-79.33468,46.089488043,-79.334679848
2023-11-15 17:44:23.04,100297,0.075,174335,2023-11-15 17:43:35,46.089528333333334,-79.334645,46.089522984,-79.33463949
2023-11-15 17:44:28.29,100298,0.075,174340,2023-11-15 17:43:40,46.08954,-79.334635,46.089531007,-79.33462749
2023-11-15 17:44:33.18,100299,0.075,174345,2023-11-15 17:43:45,46.089551666666665,-79.334645,46.089541107,-79.334639683
2023-11-15 17:44:38.76,100300,0.075,174351,2023-11-15 17:43:51,46.08953833333333,-79.33466166666666,46.089532125,-79.334654855
2023-11-15 17:44:47.69,100301,0.075,174400,2023-11-15 17:44:00,46.08958,-79.33462833333333,46.089574436,-79.334621449
2023-11-15 17:44:49.38,100302,119.1,174401,2023-11-15 17:44:01,46.08958,-79.33462833333333,46.08957505,-79.334621858
2023-11-15 17:44:51.05,100303,0.075,174403,2023-11-15 17:44:03,46.08958166666667,-79.33463,46.089575378,-79.334623685
2023-11-15 17:44:52.86,100304,119.1,174405,2023-11-15 17:44:05,46.08958,-79.33462666666667,46.089574992,-79.33462265
